{
  "fio version" : "fio-3.30",
  "timestamp" : 1652470760,
  "timestamp_ms" : 1652470760823,
  "time" : "Fri May 13 12:39:20 2022",
  "global options" : {
    "write_bw_log" : "bw",
    "log_avg_msec" : "1000"
  },
  "jobs" : [
    {
      "jobname" : "bw_slope",
      "groupid" : 0,
      "error" : 0,
      "eta" : 0,
      "elapsed" : 65,
      "job options" : {
        "direct" : "1",
        "ioengine" : "psync",
        "size" : "1G",
        "rw" : "randread",
        "time_based" : "1",
        "runtime" : "10m",
        "randrepeat" : "0",
        "norandommap" : "1",
        "steadystate" : "bw_slope:4k",
        "steadystate_duration" : "30s",
        "steadystate_ramp_time" : "30s"
      },
      "read" : {
        "io_bytes" : 2168758272,
        "io_kbytes" : 2117928,
        "bw_bytes" : 33949973,
        "bw" : 33154,
        "iops" : 8288.567806,
        "runtime" : 63881,
        "total_ios" : 529482,
        "short_ios" : 0,
        "drop_ios" : 0,
        "slat_ns" : {
          "min" : 0,
          "max" : 0,
          "mean" : 0.000000,
          "stddev" : 0.000000,
          "N" : 0
        },
        "clat_ns" : {
          "min" : 45093,
          "max" : 3544752,
          "mean" : 119773.535720,
          "stddev" : 34479.881133,
          "N" : 529482,
          "percentile" : {
            "1.000000" : 78336,
            "5.000000" : 79360,
            "10.000000" : 87552,
            "20.000000" : 90624,
            "30.000000" : 96768,
            "40.000000" : 105984,
            "50.000000" : 113152,
            "60.000000" : 128512,
            "70.000000" : 138240,
            "80.000000" : 140288,
            "90.000000" : 152576,
            "95.000000" : 185344,
            "99.000000" : 197632,
            "99.500000" : 199680,
            "99.900000" : 207872,
            "99.950000" : 214016,
            "99.990000" : 250880
          }
        },
        "lat_ns" : {
          "min" : 45144,
          "max" : 3544873,
          "mean" : 119875.812721,
          "stddev" : 34484.641837,
          "N" : 529482
        },
        "bw_min" : 31995,
        "bw_max" : 34938,
        "bw_agg" : 100.000000,
        "bw_mean" : 33155.412698,
        "bw_dev" : 824.995027,
        "bw_samples" : 63,
        "iops_min" : 7926,
        "iops_max" : 8912,
        "iops_mean" : 8293.598425,
        "iops_stddev" : 239.941007,
        "iops_samples" : 127
      },
      "write" : {
        "io_bytes" : 0,
        "io_kbytes" : 0,
        "bw_bytes" : 0,
        "bw" : 0,
        "iops" : 0.000000,
        "runtime" : 0,
        "total_ios" : 0,
        "short_ios" : 0,
        "drop_ios" : 0,
        "slat_ns" : {
          "min" : 0,
          "max" : 0,
          "mean" : 0.000000,
          "stddev" : 0.000000,
          "N" : 0
        },
        "clat_ns" : {
          "min" : 0,
          "max" : 0,
          "mean" : 0.000000,
          "stddev" : 0.000000,
          "N" : 0
        },
        "lat_ns" : {
          "min" : 0,
          "max" : 0,
          "mean" : 0.000000,
          "stddev" : 0.000000,
          "N" : 0
        },
        "bw_min" : 0,
        "bw_max" : 0,
        "bw_agg" : 0.000000,
        "bw_mean" : 0.000000,
        "bw_dev" : 0.000000,
        "bw_samples" : 0,
        "iops_min" : 0,
        "iops_max" : 0,
        "iops_mean" : 0.000000,
        "iops_stddev" : 0.000000,
        "iops_samples" : 0
      },
      "trim" : {
        "io_bytes" : 0,
        "io_kbytes" : 0,
        "bw_bytes" : 0,
        "bw" : 0,
        "iops" : 0.000000,
        "runtime" : 0,
        "total_ios" : 0,
        "short_ios" : 0,
        "drop_ios" : 0,
        "slat_ns" : {
          "min" : 0,
          "max" : 0,
          "mean" : 0.000000,
          "stddev" : 0.000000,
          "N" : 0
        },
        "clat_ns" : {
          "min" : 0,
          "max" : 0,
          "mean" : 0.000000,
          "stddev" : 0.000000,
          "N" : 0
        },
        "lat_ns" : {
          "min" : 0,
          "max" : 0,
          "mean" : 0.000000,
          "stddev" : 0.000000,
          "N" : 0
        },
        "bw_min" : 0,
        "bw_max" : 0,
        "bw_agg" : 0.000000,
        "bw_mean" : 0.000000,
        "bw_dev" : 0.000000,
        "bw_samples" : 0,
        "iops_min" : 0,
        "iops_max" : 0,
        "iops_mean" : 0.000000,
        "iops_stddev" : 0.000000,
        "iops_samples" : 0
      },
      "sync" : {
        "total_ios" : 0,
        "lat_ns" : {
          "min" : 0,
          "max" : 0,
          "mean" : 0.000000,
          "stddev" : 0.000000,
          "N" : 0
        }
      },
      "job_runtime" : 63880,
      "usr_cpu" : 1.573262,
      "sys_cpu" : 8.982467,
      "ctx" : 529738,
      "majf" : 0,
      "minf" : 11,
      "iodepth_level" : {
        "1" : 100.000000,
        "2" : 0.000000,
        "4" : 0.000000,
        "8" : 0.000000,
        "16" : 0.000000,
        "32" : 0.000000,
        ">=64" : 0.000000
      },
      "iodepth_submit" : {
        "0" : 0.000000,
        "4" : 100.000000,
        "8" : 0.000000,
        "16" : 0.000000,
        "32" : 0.000000,
        "64" : 0.000000,
        ">=64" : 0.000000
      },
      "iodepth_complete" : {
        "0" : 0.000000,
        "4" : 100.000000,
        "8" : 0.000000,
        "16" : 0.000000,
        "32" : 0.000000,
        "64" : 0.000000,
        ">=64" : 0.000000
      },
      "latency_ns" : {
        "2" : 0.000000,
        "4" : 0.000000,
        "10" : 0.000000,
        "20" : 0.000000,
        "50" : 0.000000,
        "100" : 0.000000,
        "250" : 0.000000,
        "500" : 0.000000,
        "750" : 0.000000,
        "1000" : 0.000000
      },
      "latency_us" : {
        "2" : 0.000000,
        "4" : 0.000000,
        "10" : 0.000000,
        "20" : 0.000000,
        "50" : 0.010000,
        "100" : 31.985979,
        "250" : 67.994191,
        "500" : 0.010000,
        "750" : 0.010000,
        "1000" : 0.010000
      },
      "latency_ms" : {
        "2" : 0.000000,
        "4" : 0.010000,
        "10" : 0.000000,
        "20" : 0.000000,
        "50" : 0.000000,
        "100" : 0.000000,
        "250" : 0.000000,
        "500" : 0.000000,
        "750" : 0.000000,
        "1000" : 0.000000,
        "2000" : 0.000000,
        ">=2000" : 0.000000
      },
      "latency_depth" : 1,
      "latency_target" : 0,
      "latency_percentile" : 100.000000,
      "latency_window" : 0,
      "steadystate" : {
        "ss" : "bw_slope:4096.000000",
        "duration" : 30,
        "attained" : 1,
        "criterion" : "-2015.398438",
        "max_deviation" : 0.000000,
        "slope" : -2015.398443,
        "data" : {
          "bw_mean" : 33953069,
          "iops_mean" : 8289,
          "iops" : [
            8422,
            8287,
            8350,
            8349,
            8028,
            8277,
            8614,
            8549,
            8051,
            8524,
            8689,
            8123,
            8078,
            8114,
            8032,
            8072,
            8118,
            8505,
            8244,
            8224,
            8035,
            8126,
            8345,
            8209,
            8527,
            8097,
            8405,
            8516,
            8260,
            8504
          ],